{"files":{"index.html":{"frameworks":["JFA UI","UserLib","pg.fontawesome","pg.ia.lib","pg.asset.manager","pg.project.items","pg.ia","pg.code-validator","pg.insight.events","pg.image.overlay","pg.css.grid","pg.html","pg.components"],"last_page_width":1920},"index2.html":{"frameworks":["JFA","JFA UI","pg.asset.manager","pg.project.items","pg.insight.events","pg.code-validator","pg.image.overlay","pg.css.grid","pg.html","pg.components"],"last_page_width":1023.99},"portfolio.html":{"frameworks":["JFA UI","UserLib","pg.asset.manager","pg.fontawesome","pg.ia.lib","pg.project.items","pg.code-validator","pg.ia","pg.image.overlay","pg.insight.events","pg.css.grid","pg.html","pg.components"],"last_page_width":1252.99},"portfolio\\hotel.html":{"frameworks":["JFA UI","UserLib","pg.fontawesome","pg.ia.lib","pg.asset.manager","pg.project.items","pg.ia","pg.code-validator","pg.insight.events","pg.image.overlay","pg.css.grid","pg.html","pg.components"]}},"breakpoints":["1600px"],"frameworks":["JFA UI","UserLib","pg.fontawesome","pg.ia.lib","pg.asset.manager","pg.project.items","pg.ia","pg.code-validator","pg.insight.events","pg.image.overlay","pg.css.grid","pg.html","pg.components"],"cs-for-overrides":"css/style.css"}